{"cameraMode":{"drawMode":0,"name":"Shaded","section":"Shading Mode"},"sceneLighting":false,"audioPlay":false,"sceneViewState":{"m_AlwaysRefresh":false,"showFog":true,"showSkybox":false,"showFlares":true,"showImageEffects":true,"showParticleSystems":true,"showVisualEffectGraphs":true,"m_FxEnabled":true},"in2DMode":false,"pivot":{"x":-11.954689025878907,"y":3.4913620948791506,"z":0.8378005623817444},"rotation":{"x":-0.01061263121664524,"y":-0.18875963985919953,"z":0.0020561397541314365,"w":-0.9820023775100708},"size":5.923335075378418,"orthographic":false}